Conformer,Initial PE (kcal/mol),Minimized PE (kcal/mol),RMS between initial and minimized conformer (Angstrom)
1,-47.047,-73.608,0.079
2,-54.188,-75.744,0.076
3,-62.768,-77.944,0.068
4,-70.683,-81.357,0.061
5,-77.477,-83.917,0.043
6,-76.216,-84.105,0.052
7,-45.382,-82.414,0.092
8,149.031,-78.253,0.124
9,382.667,-73.629,0.141
10,94.576,-74.071,0.106
11,-49.423,-77.259,0.079
12,-69.210,-79.207,0.061
13,-71.767,-80.362,0.056
14,-73.549,-81.212,0.053
15,-75.305,-81.803,0.046
16,-76.193,-82.190,0.041
17,-76.201,-82.125,0.040
18,-74.982,-80.977,0.042
19,-70.529,-78.894,0.063
20,-52.118,-75.955,0.094
21,-21.621,-72.128,0.099
22,-41.899,-71.006,0.088
23,-55.135,-71.151,0.074
24,-49.965,-72.073,0.078
25,-27.542,-71.900,0.096
26,-36.795,-73.973,0.094
27,-54.207,-76.553,0.087
28,-63.657,-78.766,0.080
29,-67.328,-80.230,0.070
30,-66.741,-80.407,0.071
31,-45.221,-78.522,0.086
32,-24.688,-76.026,0.092
33,-40.349,-75.308,0.089
34,-48.631,-75.140,0.085
35,-47.250,-75.345,0.086
36,-55.060,-76.585,0.078
37,-66.905,-79.199,0.066
38,-73.090,-81.494,0.054
39,-75.246,-82.833,0.050
40,-75.473,-83.155,0.051
41,-74.905,-82.689,0.051
42,-74.269,-81.680,0.048
43,-73.379,-80.295,0.046
44,-72.093,-78.993,0.047
45,-70.327,-77.990,0.052
46,-66.226,-76.553,0.063
47,-56.158,-74.121,0.076
48,-38.972,-72.226,0.094
49,-26.840,-70.327,0.094
50,-36.640,-73.093,0.094
51,-55.053,-76.650,0.089
52,-67.334,-80.130,0.078
53,-73.103,-82.287,0.059
54,-74.406,-82.601,0.051
55,-66.014,-81.267,0.075
56,-21.311,-78.392,0.101
57,31.108,-75.517,0.104
58,-21.324,-77.961,0.098
59,-61.320,-80.451,0.085
60,-69.807,-81.118,0.065
61,-71.897,-81.589,0.058
62,-73.368,-82.242,0.055
63,-74.420,-82.906,0.053
64,-74.655,-83.196,0.054
65,-74.274,-82.930,0.054
66,-73.812,-82.058,0.051
67,-73.047,-80.493,0.047
68,-71.174,-78.182,0.045
69,-68.412,-76.201,0.050
70,-64.277,-74.574,0.059
71,-54.564,-72.379,0.070
72,-37.748,-70.125,0.086
73,-67.927,-74.944,0.041
74,-66.198,-75.436,0.049
75,-49.141,-76.696,0.085
76,-47.175,-80.658,0.097
77,-71.365,-83.874,0.068
78,-74.690,-84.858,0.058
79,-73.797,-84.314,0.058
80,-66.837,-82.886,0.071
81,-31.112,-80.745,0.096
82,-3.911,-78.937,0.103
83,-46.003,-80.606,0.090
84,-70.710,-82.828,0.072
85,-74.696,-83.698,0.057
86,-74.224,-83.152,0.058
87,-71.054,-81.692,0.066
88,-72.216,-81.541,0.058
89,-73.328,-81.913,0.054
90,-70.895,-80.728,0.064
91,-68.065,-79.483,0.075
92,-54.991,-77.624,0.097
93,-0.401,-74.553,0.120
94,5.234,-71.919,0.112
95,-52.009,-71.958,0.077
96,-65.804,-73.325,0.046
97,-28.599,-70.108,0.087
98,-38.376,-73.146,0.092
99,-56.192,-76.380,0.083
100,-67.904,-79.088,0.067
101,-72.173,-80.021,0.050
102,-65.732,-79.199,0.062
103,-40.032,-77.093,0.081
104,-28.502,-75.645,0.088
105,-46.076,-75.800,0.086
106,-51.668,-75.710,0.080
107,-51.407,-76.226,0.080
108,-60.218,-78.271,0.074
109,-70.755,-81.119,0.060
110,-75.883,-83.145,0.048
111,-77.501,-84.137,0.045
112,-77.380,-83.994,0.043
113,-76.561,-83.199,0.043
114,-75.713,-81.938,0.040
115,-74.687,-80.449,0.039
116,-73.465,-79.277,0.040
117,-71.625,-78.221,0.043
118,-67.099,-76.550,0.055
119,-56.484,-73.746,0.070
120,-39.215,-70.805,0.083
121,-31.965,-71.235,0.096
122,-37.195,-72.813,0.095
123,-47.611,-75.650,0.097
124,-56.412,-77.846,0.090
125,-12.952,-77.768,0.102
126,66.043,-78.284,0.110
127,-18.721,-80.820,0.100
128,-57.292,-80.528,0.083
129,-34.222,-78.938,0.092
130,-17.050,-78.003,0.098
131,-51.272,-80.284,0.091
132,-70.818,-82.314,0.068
133,-74.406,-83.508,0.057
134,-74.761,-83.551,0.054
135,-74.300,-82.943,0.053
136,-72.810,-81.623,0.055
137,-70.624,-79.928,0.059
138,-70.317,-78.860,0.055
139,-70.315,-77.886,0.048
140,-68.855,-75.763,0.046
141,-66.476,-73.079,0.044
142,-63.102,-71.213,0.051
143,-55.139,-70.321,0.071
144,-41.219,-70.399,0.092
145,-44.938,-74.227,0.092
146,-50.328,-77.425,0.106
147,-62.073,-80.320,0.092
148,-70.699,-82.925,0.078
149,-74.443,-83.108,0.059
150,-69.111,-81.927,0.073
151,-24.310,-79.278,0.103
152,68.166,-75.806,0.112
153,20.928,-76.804,0.109
154,-49.257,-79.596,0.105
155,-65.799,-80.112,0.084
156,-69.925,-80.751,0.069
157,-72.902,-81.822,0.061
158,-75.227,-83.024,0.055
159,-76.434,-83.605,0.050
160,-76.569,-83.477,0.050
161,-75.733,-82.463,0.050
162,-73.331,-80.607,0.054
163,-69.640,-78.576,0.058
164,-70.346,-77.878,0.054
165,-72.145,-77.939,0.045
166,-70.297,-77.032,0.045
167,-63.648,-75.098,0.059
168,-52.444,-73.277,0.074
169,-25.296,-71.797,0.094
170,-33.467,-74.442,0.098
171,-53.323,-78.231,0.098
172,-66.941,-80.705,0.085
173,-71.838,-81.007,0.059
174,-65.902,-80.131,0.069
175,-44.765,-78.277,0.084
176,-37.108,-76.787,0.090
177,-46.938,-76.365,0.098
178,-45.534,-75.487,0.097
179,-42.755,-74.971,0.090
180,-55.292,-77.086,0.078
181,-68.803,-80.417,0.066
182,-74.828,-82.872,0.054
183,-76.881,-83.925,0.047
184,-77.157,-84.031,0.044
185,-76.666,-83.541,0.045
186,-76.038,-82.612,0.043
187,-75.391,-81.662,0.042
188,-74.707,-80.979,0.043
189,-73.193,-80.043,0.046
190,-68.945,-78.146,0.054
191,-58.448,-75.306,0.070
192,-39.747,-72.454,0.083
193,-33.368,-72.885,0.088
194,-42.715,-75.441,0.090
195,-59.303,-78.806,0.089
196,-70.206,-81.319,0.069
197,-74.453,-82.184,0.050
198,-69.430,-81.265,0.061
199,-42.538,-78.629,0.079
200,-19.569,-76.282,0.087
201,-40.534,-76.412,0.086
202,-52.445,-76.753,0.088
203,-51.863,-76.605,0.082
204,-57.691,-77.817,0.075
205,-68.317,-80.496,0.066
206,-74.624,-82.924,0.053
207,-77.039,-84.355,0.048
208,-77.454,-84.725,0.047
209,-77.009,-84.337,0.047
210,-76.417,-83.315,0.045
211,-75.562,-81.918,0.042
212,-74.558,-80.905,0.043
213,-73.063,-80.173,0.047
214,-68.985,-78.681,0.056
215,-59.064,-76.073,0.069
216,-42.997,-73.193,0.081
217,-50.461,-72.597,0.076
218,-56.534,-75.005,0.074
219,-66.350,-78.073,0.068
220,-73.316,-80.564,0.050
221,-75.589,-81.683,0.043
222,-63.410,-80.976,0.072
223,16.790,-78.405,0.102
224,128.519,-75.145,0.111
225,25.395,-76.512,0.097
226,-50.231,-78.876,0.083
227,-63.606,-79.739,0.071
228,-67.817,-79.704,0.061
229,-71.659,-80.414,0.054
230,-74.639,-81.839,0.050
231,-76.824,-83.043,0.045
232,-77.755,-83.497,0.041
233,-77.329,-82.973,0.040
234,-74.819,-81.280,0.050
235,-65.485,-78.740,0.076
236,-48.505,-75.687,0.086
237,-54.139,-75.113,0.083
238,-62.888,-74.799,0.071
239,-60.836,-73.686,0.069
240,-53.910,-72.369,0.072
241,-52.650,-72.558,0.074
242,-57.935,-74.655,0.071
243,-64.619,-76.542,0.062
244,-69.176,-79.160,0.058
245,-75.008,-82.073,0.046
246,-76.163,-83.152,0.047
247,-58.553,-82.338,0.087
248,62.865,-78.164,0.110
249,289.238,-73.263,0.132
250,109.480,-72.366,0.104
251,-41.992,-75.854,0.082
252,-67.407,-77.787,0.059
253,-70.906,-78.993,0.054
254,-72.337,-79.902,0.052
255,-73.705,-80.688,0.049
256,-74.450,-81.220,0.047
257,-74.559,-81.482,0.047
258,-74.027,-81.063,0.047
259,-71.816,-79.533,0.053
260,-63.119,-76.954,0.080
261,-37.606,-72.960,0.096
262,-34.576,-70.767,0.092
263,-52.557,-70.652,0.081
264,-53.591,-71.148,0.075
265,-60.964,-72.642,0.059
266,-65.444,-75.256,0.055
267,-71.044,-78.458,0.048
268,-75.567,-81.734,0.043
269,-78.157,-84.050,0.040
270,-78.603,-84.817,0.041
271,-73.688,-84.171,0.063
272,-38.369,-82.185,0.095
273,68.576,-77.804,0.107
274,56.469,-76.264,0.101
275,-43.944,-78.766,0.078
276,-70.994,-81.220,0.059
277,-73.817,-82.560,0.056
278,-74.436,-83.178,0.059
279,-75.601,-83.589,0.054
280,-76.266,-83.685,0.047
281,-75.952,-83.344,0.045
282,-74.608,-82.267,0.047
283,-71.718,-80.291,0.055
284,-62.930,-77.834,0.083
285,-22.711,-74.018,0.105
286,23.734,-70.425,0.113
287,-33.396,-69.951,0.091
288,-57.084,-70.855,0.069
289,-53.171,-72.644,0.074
290,-59.071,-75.376,0.072
291,-67.883,-78.763,0.063
292,-74.295,-81.701,0.051
293,-77.314,-83.559,0.043
294,-77.413,-83.940,0.042
295,-68.716,-82.956,0.070
296,-8.678,-80.129,0.098
297,137.829,-76.351,0.116
298,69.868,-76.076,0.102
299,-47.949,-79.394,0.080
300,-71.997,-81.419,0.057
301,-74.305,-82.437,0.054
302,-74.999,-82.904,0.057
303,-75.965,-83.014,0.052
304,-76.344,-82.820,0.046
305,-75.888,-82.245,0.044
306,-74.687,-81.067,0.044
307,-72.025,-79.115,0.052
308,-63.677,-76.308,0.077
309,-40.851,-72.693,0.093
310,-38.521,-70.581,0.090
311,-54.254,-70.659,0.077
312,-54.300,-71.173,0.072
313,-35.263,-73.936,0.090
314,-44.101,-76.502,0.091
315,-59.544,-79.362,0.088
316,-69.186,-81.357,0.072
317,-73.764,-82.491,0.054
318,-70.109,-81.717,0.060
319,-43.368,-79.334,0.081
320,-18.535,-76.142,0.083
321,-40.136,-76.493,0.086
322,-53.759,-76.911,0.084
323,-54.251,-76.922,0.082
324,-59.577,-78.117,0.074
325,-69.150,-80.844,0.066
326,-75.037,-83.181,0.053
327,-77.312,-84.415,0.047
328,-77.638,-84.568,0.045
329,-77.092,-83.978,0.044
330,-76.274,-82.735,0.042
331,-75.163,-81.175,0.040
332,-74.176,-80.111,0.041
333,-72.908,-79.293,0.043
334,-69.119,-77.750,0.053
335,-59.754,-75.276,0.068
336,-44.471,-73.597,0.086
337,-46.442,-74.027,0.086
338,-52.543,-76.842,0.090
339,-64.091,-80.287,0.085
340,-72.360,-82.808,0.068
341,-76.150,-83.717,0.051
342,-72.764,-82.537,0.057
343,-39.411,-79.851,0.087
344,40.414,-75.998,0.100
345,15.106,-76.302,0.098
346,-48.915,-78.645,0.086
347,-65.675,-79.844,0.073
348,-69.809,-80.472,0.062
349,-73.105,-81.701,0.055
350,-75.766,-83.096,0.049
351,-77.157,-83.988,0.046
352,-77.409,-84.069,0.044
353,-76.843,-83.331,0.043
354,-75.450,-81.734,0.044
355,-72.814,-79.653,0.048
356,-71.753,-78.351,0.045
357,-72.464,-78.251,0.039
358,-70.473,-77.547,0.044
359,-63.803,-75.710,0.057
360,-52.940,-73.675,0.072
361,-53.060,-68.996,0.070
362,-58.334,-71.380,0.065
363,-65.865,-74.748,0.056
364,-71.743,-78.323,0.046
365,-75.108,-81.024,0.041
366,-75.486,-81.879,0.042
367,-65.453,-80.889,0.069
368,10.100,-77.945,0.099
369,202.161,-73.865,0.112
370,105.184,-76.757,0.103
371,-46.222,-82.298,0.078
372,-76.940,-85.874,0.052
373,-80.604,-87.931,0.049
374,-80.571,-88.513,0.055
375,-80.226,-87.975,0.054
376,-79.526,-86.990,0.050
377,-78.344,-85.738,0.048
378,-76.623,-83.984,0.048
379,-73.514,-81.362,0.052
380,-64.746,-78.105,0.077
381,-33.690,-73.089,0.093
382,-14.076,-69.800,0.100
383,-44.419,-68.455,0.085
384,-52.363,-68.324,0.075
385,-53.361,-72.217,0.078
386,-59.018,-74.559,0.067
387,-65.664,-76.986,0.059
388,-71.309,-80.270,0.054
389,-77.067,-83.551,0.045
390,-77.911,-84.828,0.049
391,-66.855,-84.403,0.085
392,23.513,-81.943,0.118
393,388.224,-78.621,0.157
394,355.423,-74.661,0.142
395,10.670,-76.308,0.094
396,-64.322,-79.413,0.070
397,-72.540,-80.736,0.055
398,-73.673,-81.331,0.056
399,-74.548,-81.625,0.051
400,-75.108,-81.900,0.048
401,-75.212,-82.162,0.048
402,-74.744,-81.929,0.049
403,-72.959,-80.720,0.056
404,-66.788,-78.815,0.083
405,-38.384,-75.734,0.113
406,8.948,-71.405,0.118
407,-28.013,-69.807,0.098
408,-50.318,-70.579,0.088
409,-53.268,-72.112,0.073
410,-58.700,-74.382,0.069
411,-65.876,-77.106,0.063
412,-72.781,-80.619,0.053
413,-76.962,-83.128,0.043
414,-77.125,-83.747,0.044
415,-71.887,-82.960,0.061
416,-36.039,-80.887,0.092
417,83.797,-77.167,0.109
418,85.095,-76.021,0.101
419,-36.204,-79.648,0.086
420,-71.430,-82.149,0.062
421,-75.407,-83.401,0.054
422,-76.085,-83.847,0.057
423,-76.866,-83.817,0.050
424,-77.212,-83.792,0.046
425,-76.915,-83.528,0.046
426,-75.835,-82.558,0.047
427,-73.524,-80.769,0.053
428,-67.375,-77.997,0.071
429,-48.075,-74.085,0.092
430,-33.486,-70.703,0.094
431,-49.610,-69.920,0.082
432,-53.341,-70.413,0.073
433,-30.211,-73.593,0.094
434,-38.788,-76.025,0.094
435,-56.480,-79.299,0.088
436,-68.426,-81.863,0.077
437,-73.357,-82.462,0.057
438,-68.774,-81.186,0.061
439,-44.492,-78.428,0.076
440,-27.291,-76.841,0.091
441,-43.815,-76.496,0.086
442,-49.581,-76.370,0.087
443,-45.402,-76.221,0.089
444,-52.743,-78.033,0.084
445,-66.585,-81.209,0.074
446,-74.197,-83.472,0.059
447,-76.839,-84.547,0.050
448,-77.211,-84.549,0.047
449,-76.649,-83.856,0.045
450,-75.926,-82.636,0.043
451,-75.186,-81.326,0.041
452,-74.560,-80.487,0.040
453,-73.187,-79.564,0.042
454,-69.041,-77.713,0.051
455,-58.961,-75.080,0.069
456,-41.941,-73.092,0.087
457,-58.802,-74.487,0.065
458,-63.554,-77.095,0.064
459,-70.553,-80.168,0.057
460,-76.430,-83.415,0.047
461,-78.964,-85.242,0.042
462,-78.054,-85.674,0.046
463,-75.794,-85.206,0.053
464,-58.795,-84.014,0.083
465,8.177,-80.927,0.102
466,39.966,-78.471,0.100
467,-37.874,-80.389,0.083
468,-71.697,-82.789,0.060
469,-76.318,-84.119,0.051
470,-76.969,-84.472,0.051
471,-77.600,-84.543,0.047
472,-77.818,-84.554,0.044
473,-77.386,-84.208,0.044
474,-76.324,-83.275,0.045
475,-74.619,-81.980,0.048
476,-70.486,-80.144,0.065
477,-57.935,-77.281,0.088
478,-45.272,-73.611,0.087
479,-54.943,-72.617,0.077
480,-58.655,-72.947,0.066
481,-28.410,-66.055,0.085
482,-36.113,-67.933,0.081
483,-43.751,-70.008,0.088
484,-13.575,-72.315,0.104
485,40.962,-76.416,0.126
486,-30.030,-78.638,0.107
487,-43.964,-78.472,0.090
488,6.014,-76.811,0.098
489,-6.493,-77.900,0.100
490,-50.685,-83.075,0.106
491,-66.356,-86.471,0.091
492,-74.153,-89.786,0.087
493,-80.226,-90.667,0.066
494,-81.765,-90.261,0.056
495,-79.867,-88.113,0.053
496,-76.802,-85.308,0.054
497,-74.216,-82.951,0.055
498,-72.854,-81.043,0.051
499,-71.401,-78.773,0.048
500,-69.335,-76.243,0.046
501,-66.894,-74.100,0.047
502,-62.302,-71.539,0.055
503,-52.440,-68.238,0.068
504,-37.251,-65.885,0.082
505,-49.762,-69.383,0.074
506,-55.262,-71.751,0.072
507,-63.964,-75.192,0.067
508,-70.361,-78.203,0.054
509,-73.413,-80.193,0.046
510,-73.855,-80.834,0.044
511,-67.413,-79.689,0.060
512,-17.913,-77.212,0.092
513,122.635,-73.844,0.105
514,78.552,-76.475,0.099
515,-46.203,-81.979,0.079
516,-75.788,-85.479,0.057
517,-79.712,-87.423,0.054
518,-80.254,-87.851,0.055
519,-80.076,-87.167,0.052
520,-79.209,-86.090,0.049
521,-77.852,-84.721,0.048
522,-76.067,-82.890,0.047
523,-72.943,-80.284,0.052
524,-64.411,-76.524,0.070
525,-46.520,-72.141,0.080
526,-47.430,-70.011,0.079
527,-55.134,-69.196,0.069
528,-51.922,-68.771,0.072
529,-46.276,-69.840,0.076
530,-53.457,-72.523,0.075
531,-64.212,-76.355,0.068
532,-71.836,-79.575,0.054
533,-75.585,-81.771,0.044
534,-75.689,-82.134,0.042
535,-64.469,-80.737,0.067
536,15.563,-77.589,0.097
537,203.262,-74.592,0.113
538,95.299,-77.997,0.102
539,-49.065,-83.445,0.081
540,-77.099,-86.564,0.058
541,-80.683,-88.193,0.051
542,-81.380,-88.522,0.052
543,-81.294,-87.891,0.048
544,-80.413,-86.782,0.045
545,-78.975,-85.332,0.044
546,-76.907,-83.236,0.044
547,-72.652,-80.268,0.055
548,-59.739,-76.354,0.076
549,-40.632,-72.152,0.084
550,-50.126,-70.626,0.077
551,-55.523,-69.548,0.066
552,-49.321,-68.885,0.071
553,-28.950,-72.902,0.091
554,-39.153,-75.820,0.094
555,-57.563,-79.331,0.091
556,-69.466,-81.759,0.074
557,-74.192,-82.551,0.053
558,-69.958,-81.583,0.063
559,-40.337,-79.058,0.085
560,-2.520,-76.011,0.095
561,-29.388,-76.334,0.093
562,-54.403,-77.382,0.084
563,-59.238,-77.831,0.079
564,-63.232,-78.362,0.070
565,-69.539,-80.285,0.063
566,-74.001,-82.252,0.053
567,-76.125,-83.531,0.048
568,-76.673,-83.946,0.047
569,-76.444,-83.642,0.046
570,-76.058,-82.672,0.042
571,-75.313,-81.219,0.038
572,-74.131,-79.965,0.038
573,-72.541,-79.163,0.042
574,-68.383,-77.946,0.054
575,-57.850,-75.732,0.071
576,-40.087,-73.200,0.082
577,-66.162,-73.085,0.042
578,-68.060,-74.716,0.042
579,-70.448,-76.855,0.043
580,-72.510,-79.222,0.044
581,-74.646,-81.182,0.042
582,-73.424,-80.929,0.046
583,-53.610,-78.619,0.078
584,9.114,-74.700,0.097
585,14.190,-73.016,0.092
586,-44.928,-75.331,0.077
587,-65.235,-77.295,0.066
588,-69.006,-78.410,0.056
589,-71.127,-80.102,0.060
590,-73.405,-81.612,0.053
591,-74.921,-82.606,0.049
592,-75.224,-82.773,0.047
593,-74.413,-82.060,0.048
594,-70.829,-80.222,0.061
595,-52.304,-77.368,0.093
596,16.856,-72.900,0.108
597,9.272,-71.658,0.108
598,-50.637,-72.477,0.086
599,-63.579,-72.502,0.058
600,-65.374,-72.416,0.044
601,-51.047,-71.749,0.072
602,-57.042,-74.395,0.072
603,-65.808,-77.390,0.066
604,-72.049,-80.089,0.053
605,-74.295,-81.190,0.047
606,-66.311,-80.405,0.065
607,-32.621,-78.156,0.082
608,-14.900,-77.254,0.087
609,-44.467,-78.432,0.083
610,-55.926,-79.602,0.080
611,-54.985,-79.578,0.082
612,-60.711,-79.161,0.074
613,-68.409,-80.004,0.065
614,-72.876,-81.572,0.056
615,-75.303,-82.618,0.051
616,-76.100,-82.822,0.046
617,-75.530,-82.038,0.044
618,-73.308,-80.189,0.049
619,-67.649,-77.561,0.061
620,-62.023,-75.610,0.069
621,-63.646,-74.787,0.065
622,-63.799,-73.956,0.061
623,-59.476,-72.410,0.064
624,-53.158,-71.054,0.067
625,-29.154,-70.562,0.092
626,-39.011,-72.696,0.090
627,-56.371,-76.101,0.086
628,-67.832,-78.965,0.069
629,-72.543,-80.340,0.051
630,-68.442,-79.874,0.060
631,-43.482,-77.689,0.080
632,-20.263,-75.445,0.082
633,-40.175,-75.968,0.083
634,-54.369,-76.246,0.076
635,-57.311,-76.959,0.080
636,-63.316,-78.764,0.073
637,-71.775,-81.637,0.060
638,-76.684,-84.002,0.049
639,-78.238,-85.059,0.046
640,-77.903,-84.918,0.046
641,-76.840,-84.031,0.046
642,-75.837,-82.718,0.045
643,-74.727,-81.131,0.043
644,-73.273,-79.768,0.043
645,-71.237,-78.663,0.048
646,-66.669,-76.905,0.058
647,-56.140,-74.304,0.074
648,-39.232,-71.148,0.085
649,-58.958,-74.877,0.068
650,-62.743,-76.402,0.063
651,-68.788,-78.634,0.057
652,-73.353,-80.758,0.046
653,-75.681,-82.272,0.042
654,-72.940,-82.144,0.052
655,-47.474,-80.520,0.082
656,-0.350,-77.184,0.094
657,-18.624,-75.756,0.089
658,-48.995,-76.581,0.087
659,-52.435,-77.238,0.090
660,-55.372,-77.437,0.079
661,-65.017,-79.239,0.070
662,-71.949,-81.428,0.058
663,-75.336,-83.068,0.051
664,-76.735,-83.843,0.047
665,-76.864,-83.818,0.045
666,-75.919,-82.924,0.045
667,-72.235,-80.983,0.057
668,-62.509,-78.509,0.076
669,-58.624,-77.252,0.082
670,-63.985,-76.812,0.076
671,-63.975,-75.915,0.071
672,-60.374,-74.834,0.069
673,-46.498,-74.040,0.079
674,-53.977,-76.236,0.077
675,-64.115,-78.677,0.068
676,-72.482,-82.105,0.059
677,-78.330,-84.393,0.042
678,-77.174,-84.420,0.049
679,-49.091,-82.626,0.090
680,134.541,-78.982,0.125
681,385.157,-74.786,0.144
682,105.492,-74.908,0.109
683,-47.720,-77.878,0.084
684,-69.232,-79.651,0.065
685,-72.250,-80.789,0.057
686,-74.405,-81.749,0.051
687,-76.322,-82.420,0.043
688,-77.212,-82.848,0.039
689,-77.074,-82.635,0.037
690,-75.628,-81.305,0.040
691,-70.422,-79.208,0.064
692,-49.103,-76.235,0.094
693,-21.848,-73.118,0.106
694,-46.396,-72.016,0.085
695,-56.749,-71.992,0.071
696,-50.165,-72.439,0.075
697,-18.881,-71.530,0.099
698,9.693,-69.763,0.124
699,245.460,-66.106,0.189
700,594.602,-71.344,0.172
701,59.061,-76.798,0.129
702,6.609,-79.877,0.112
703,-9.397,-81.482,0.101
704,-49.339,-81.484,0.089
705,-11.494,-80.468,0.099
706,45.415,-78.749,0.104
707,-18.377,-80.311,0.094
708,-67.462,-82.568,0.069
709,-76.223,-83.556,0.046
710,-76.402,-83.139,0.043
711,-73.916,-81.679,0.054
712,-71.946,-80.941,0.062
713,-74.195,-81.106,0.047
714,-74.265,-80.764,0.043
715,-73.866,-79.946,0.040
716,-72.885,-78.667,0.038
717,-69.956,-76.220,0.042
718,-64.716,-73.586,0.055
719,-54.967,-72.121,0.070
720,-36.997,-71.852,0.083
721,-37.924,-73.403,0.089
722,-46.660,-76.158,0.094
723,-61.387,-79.022,0.081
724,-70.994,-81.686,0.067
725,-74.174,-82.069,0.051
726,-65.242,-80.715,0.068
727,-26.018,-77.851,0.090
728,-2.628,-75.001,0.088
729,-38.061,-76.178,0.087
730,-54.871,-76.700,0.079
731,-56.995,-77.150,0.079
732,-62.798,-78.435,0.070
733,-70.609,-80.837,0.060
734,-75.250,-82.973,0.050
735,-77.175,-84.179,0.046
736,-77.506,-84.416,0.045
737,-77.034,-83.815,0.044
738,-76.174,-82.463,0.041
739,-75.009,-80.968,0.040
740,-74.422,-80.271,0.040
741,-73.463,-79.821,0.041
742,-69.731,-78.439,0.051
743,-60.496,-75.774,0.064
744,-45.996,-73.294,0.080
745,-31.726,-73.108,0.092
746,-40.683,-76.391,0.096
747,-57.916,-80.185,0.097
748,-69.477,-82.909,0.084
749,-74.669,-83.809,0.057
750,-73.679,-82.914,0.056
751,-52.470,-80.765,0.087
752,12.626,-76.641,0.100
753,14.363,-76.246,0.103
754,-45.091,-78.627,0.088
755,-65.252,-80.045,0.072
756,-69.748,-80.899,0.065
757,-72.356,-81.719,0.056
758,-74.554,-82.836,0.052
759,-75.827,-83.567,0.049
760,-76.073,-83.634,0.047
761,-75.677,-83.133,0.047
762,-75.091,-81.973,0.043
763,-74.011,-80.241,0.042
764,-72.587,-78.595,0.041
765,-71.438,-77.855,0.042
766,-67.991,-76.846,0.050
767,-58.568,-75.033,0.069
768,-42.350,-73.146,0.085
769,-55.825,-72.813,0.068
770,-61.238,-75.550,0.064
771,-69.387,-79.062,0.057
772,-75.479,-82.206,0.046
773,-77.785,-83.996,0.041
774,-77.380,-84.609,0.044
775,-73.121,-84.171,0.060
776,-37.791,-82.833,0.096
777,80.987,-78.712,0.109
778,79.546,-76.689,0.100
779,-38.947,-79.773,0.081
780,-72.344,-82.033,0.056
781,-75.982,-83.279,0.049
782,-76.542,-83.710,0.050
783,-77.325,-83.838,0.046
784,-77.607,-83.752,0.042
785,-77.045,-83.181,0.041
786,-75.745,-81.956,0.042
787,-73.475,-80.145,0.046
788,-67.534,-77.760,0.068
789,-48.809,-74.542,0.093
790,-35.684,-71.120,0.094
791,-52.103,-70.401,0.077
792,-56.034,-71.062,0.067
793,-53.935,-74.519,0.074
794,-61.220,-77.501,0.068
795,-70.626,-81.013,0.060
796,-77.079,-84.136,0.047
797,-79.337,-85.905,0.044
798,-77.685,-86.046,0.053
799,-63.512,-85.239,0.086
800,35.757,-82.124,0.113
801,271.978,-77.479,0.133
802,132.745,-76.819,0.115
803,-41.661,-80.240,0.086
804,-72.597,-82.519,0.060
805,-75.502,-83.736,0.054
806,-76.192,-84.283,0.055
807,-77.362,-84.578,0.050
808,-78.073,-84.674,0.045
809,-77.930,-84.448,0.043
810,-76.936,-83.540,0.044
811,-74.476,-81.919,0.053
812,-66.317,-79.653,0.084
813,-36.756,-75.815,0.102
814,-20.203,-72.520,0.103
815,-47.963,-71.983,0.089
816,-53.487,-72.572,0.076
817,-45.425,-70.182,0.080
818,-53.138,-72.990,0.080
819,-64.205,-76.421,0.070
820,-71.730,-79.306,0.053
821,-74.314,-80.249,0.042
822,-61.824,-79.502,0.072
823,34.248,-76.285,0.098
824,210.077,-73.518,0.110
825,75.172,-77.216,0.105
826,-46.231,-81.960,0.091
827,-68.549,-84.172,0.080
828,-72.286,-84.240,0.071
829,-73.839,-83.244,0.062
830,-75.273,-82.957,0.056
831,-76.523,-82.917,0.048
832,-76.856,-82.616,0.042
833,-76.040,-81.580,0.040
834,-73.269,-79.466,0.048
835,-63.312,-76.589,0.077
836,-42.586,-72.889,0.088
837,-47.354,-71.510,0.085
838,-58.380,-71.034,0.075
839,-56.073,-70.301,0.073
840,-48.394,-69.246,0.075
841,-16.935,-69.611,0.099
842,-0.274,-67.700,0.109
843,102.049,-67.504,0.126
844,35.165,-75.419,0.132
845,-20.544,-76.814,0.109
846,74.170,-77.262,0.110
847,13.885,-79.947,0.104
848,-51.645,-80.708,0.089
849,-33.889,-79.493,0.091
850,-6.701,-78.552,0.099
851,-42.029,-80.406,0.091
852,-68.943,-82.576,0.074
853,-74.126,-83.468,0.056
854,-74.177,-83.190,0.056
855,-73.456,-82.446,0.056
856,-73.066,-81.854,0.054
857,-71.628,-80.550,0.055
858,-70.436,-79.193,0.055
859,-70.245,-78.245,0.050
860,-69.114,-76.514,0.046
861,-66.475,-73.844,0.046
862,-61.752,-71.387,0.058
863,-51.215,-70.198,0.078
864,-32.240,-69.658,0.091
865,-20.688,-65.630,0.093
866,-27.766,-69.355,0.098
867,-46.216,-72.985,0.092
868,-57.484,-76.398,0.085
869,-63.609,-79.762,0.081
870,-67.809,-80.594,0.070
871,-52.760,-79.236,0.083
872,-17.546,-77.745,0.100
873,-25.647,-78.704,0.103
874,-51.436,-83.033,0.107
875,-59.190,-87.314,0.106
876,-65.994,-89.630,0.091
877,-76.706,-90.899,0.075
878,-81.289,-90.524,0.056
879,-80.146,-88.691,0.053
880,-77.541,-86.167,0.053
881,-75.106,-83.945,0.054
882,-73.240,-81.771,0.053
883,-71.584,-79.332,0.049
884,-69.739,-77.133,0.048
885,-67.405,-75.082,0.049
886,-62.675,-72.451,0.058
887,-52.309,-68.671,0.071
888,-34.624,-65.843,0.090
889,0.496,-70.432,0.126
890,1032.600,-59.887,0.377
891,169396.418,172368.343,0.003
892,1780905.712,1849209.200,0.003
893,16942.533,-44.931,0.740
894,74.651,-79.597,0.137
895,-55.614,-82.606,0.090
896,-57.272,-83.018,0.084
897,-9.722,-81.298,0.098
898,34.160,-79.034,0.099
899,-30.814,-80.556,0.086
900,-70.029,-82.405,0.061
901,-74.722,-82.209,0.048
902,-57.406,-80.444,0.097
903,413.926,-42.119,0.380
904,2512.149,62.705,0.501
905,194.874,30.018,0.493
906,-65.239,-79.175,0.084
907,-73.572,-79.569,0.041
908,-73.135,-78.859,0.038
909,-70.283,-76.677,0.045
910,-65.343,-74.262,0.056
911,-57.094,-72.908,0.068
912,-41.331,-71.977,0.079
913,-61.554,-74.925,0.064
914,-64.766,-77.469,0.072
915,-70.463,-80.279,0.065
916,-74.984,-82.619,0.056
917,-76.977,-83.270,0.044
918,-71.162,-82.056,0.062
919,-30.785,-79.540,0.095
920,38.013,-75.590,0.100
921,-5.382,-76.693,0.099
922,-55.940,-78.576,0.087
923,-67.033,-79.067,0.071
924,-70.271,-80.022,0.064
925,-73.682,-81.461,0.056
926,-76.468,-83.112,0.049
927,-77.869,-84.030,0.044
928,-77.991,-83.949,0.042
929,-76.721,-82.872,0.046
930,-72.020,-80.914,0.062
931,-62.311,-78.370,0.072
932,-63.874,-77.637,0.068
933,-71.036,-78.026,0.050
934,-72.036,-77.823,0.041
935,-69.011,-76.405,0.046
936,-64.017,-74.862,0.056
937,-27.747,-69.783,0.091
938,-37.448,-72.650,0.092
939,-55.272,-76.297,0.088
940,-67.047,-79.339,0.077
941,-71.941,-80.736,0.057
942,-66.621,-80.504,0.072
943,-38.933,-78.432,0.085
944,-21.519,-77.214,0.091
945,-42.709,-77.934,0.091
946,-51.163,-78.597,0.096
947,-49.317,-77.898,0.091
948,-56.420,-77.503,0.079
949,-67.338,-78.874,0.067
950,-72.909,-80.625,0.052
951,-74.776,-81.638,0.047
952,-74.869,-81.675,0.046
953,-74.148,-80.960,0.046
954,-73.212,-79.647,0.043
955,-71.997,-77.994,0.041
956,-70.648,-76.582,0.040
957,-68.869,-75.383,0.044
958,-64.678,-73.658,0.053
959,-54.735,-71.200,0.069
960,-38.171,-69.375,0.086
961,-57.417,-73.369,0.067
962,-62.813,-76.347,0.064
963,-69.936,-79.748,0.056
964,-75.506,-83.064,0.049
965,-77.673,-85.022,0.048
966,-76.247,-85.563,0.056
967,-70.589,-84.916,0.074
968,-28.120,-82.415,0.095
969,142.165,-78.721,0.119
970,170.493,-76.225,0.115
971,-14.157,-79.221,0.091
972,-69.213,-82.210,0.063
973,-75.479,-83.639,0.050
974,-75.920,-84.144,0.052
975,-76.463,-84.249,0.050
976,-76.837,-84.338,0.047
977,-76.556,-84.135,0.046
978,-75.489,-83.320,0.049
979,-73.415,-81.721,0.053
980,-67.999,-79.512,0.073
981,-45.557,-76.329,0.102
982,-5.316,-71.600,0.104
983,-32.432,-70.695,0.093
984,-53.733,-71.624,0.078
985,-27.193,-70.845,0.092
986,-36.415,-73.627,0.096
987,-54.601,-76.838,0.094
988,-66.806,-79.274,0.074
989,-71.978,-80.291,0.053
990,-69.233,-79.429,0.056
991,-44.807,-77.615,0.086
992,-7.123,-74.835,0.093
993,-25.942,-74.817,0.095
994,-49.998,-75.641,0.087
995,-53.441,-75.649,0.084
996,-56.353,-75.646,0.078
997,-64.729,-78.004,0.072
998,-71.264,-80.367,0.057
999,-74.242,-82.004,0.050
1000,-75.066,-82.531,0.047
1001,-74.866,-82.299,0.046
1002,-74.433,-81.411,0.044
1003,-73.670,-79.957,0.040
1004,-72.426,-78.623,0.041
1005,-70.705,-77.642,0.045
1006,-66.507,-76.088,0.055
1007,-56.231,-73.417,0.068
1008,-38.817,-70.889,0.085
1009,-54.623,-75.277,0.074
1010,-59.960,-77.230,0.072
1011,-68.730,-79.950,0.066
1012,-75.017,-82.149,0.050
1013,-77.235,-83.019,0.041
1014,-68.214,-81.836,0.063
1015,-16.598,-78.832,0.093
1016,43.888,-75.145,0.096
1017,-11.692,-75.683,0.093
1018,-51.939,-76.645,0.084
1019,-58.628,-77.127,0.079
1020,-63.401,-78.157,0.073
1021,-69.906,-80.172,0.063
1022,-74.645,-82.391,0.056
1023,-77.523,-83.877,0.047
1024,-78.720,-84.454,0.042
1025,-78.541,-84.056,0.040
1026,-76.563,-82.514,0.045
1027,-69.631,-80.133,0.065
1028,-59.870,-78.025,0.076
1029,-63.891,-78.021,0.075
1030,-67.850,-77.446,0.064
1031,-64.715,-76.070,0.062
1032,-57.942,-74.765,0.067
1033,-48.104,-72.641,0.078
1034,-56.308,-75.402,0.070
1035,-67.752,-79.063,0.060
1036,-75.512,-82.419,0.046
1037,-78.609,-84.550,0.040
1038,-76.427,-85.081,0.055
1039,-52.953,-84.055,0.091
1040,122.351,-81.208,0.128
1041,520.334,-77.270,0.178
1042,228.171,-75.164,0.122
1043,-31.251,-78.533,0.091
1044,-70.180,-80.663,0.062
1045,-73.894,-81.696,0.052
1046,-74.690,-82.303,0.052
1047,-76.088,-82.923,0.048
1048,-77.103,-83.262,0.042
1049,-77.145,-83.290,0.041
1050,-76.217,-82.627,0.044
1051,-73.575,-81.104,0.054
1052,-64.377,-78.814,0.088
1053,-27.872,-75.664,0.116
1054,-3.667,-71.461,0.108
1055,-41.084,-70.976,0.098
1056,-48.648,-70.960,0.082
1057,-26.255,-72.442,0.093
1058,-33.773,-75.082,0.099
1059,-53.516,-78.302,0.093
1060,-67.436,-80.935,0.079
1061,-73.000,-81.841,0.057
1062,-68.848,-81.041,0.064
1063,-47.782,-78.814,0.079
1064,-34.261,-76.992,0.090
1065,-47.022,-76.723,0.095
1066,-51.484,-75.831,0.085
1067,-50.079,-75.392,0.082
1068,-57.911,-77.079,0.077
1069,-68.833,-79.891,0.065
1070,-74.617,-82.358,0.052
1071,-76.834,-83.632,0.047
1072,-77.266,-83.859,0.044
1073,-76.870,-83.430,0.043
1074,-76.282,-82.519,0.041
1075,-75.571,-81.411,0.039
1076,-74.787,-80.578,0.040
1077,-73.344,-79.683,0.042
1078,-69.311,-78.123,0.053
1079,-59.193,-75.607,0.070
1080,-40.896,-73.150,0.084
1081,-54.177,-70.275,0.078
1082,-60.756,-73.045,0.062
1083,-67.242,-76.377,0.052
1084,-72.689,-79.980,0.046
1085,-75.881,-82.658,0.043
1086,-74.917,-83.520,0.053
1087,-65.613,-83.454,0.089
1088,11.073,-82.106,0.125
1089,392.173,-79.109,0.165
1090,471.029,-74.518,0.167
1091,44.253,-75.326,0.100
1092,-61.990,-79.372,0.072
1093,-73.075,-81.364,0.053
1094,-73.803,-82.435,0.058
1095,-74.243,-82.864,0.059
1096,-74.741,-82.983,0.055
1097,-74.706,-82.918,0.053
1098,-73.800,-82.194,0.053
1099,-71.530,-80.573,0.060
1100,-65.592,-78.309,0.084
1101,-34.866,-74.690,0.110
1102,91.061,-69.481,0.125
1103,62.033,-66.035,0.109
1104,-36.965,-68.189,0.099
1105,-30.588,-70.903,0.092
1106,-39.169,-74.208,0.097
1107,-56.269,-78.617,0.101
1108,-68.201,-81.812,0.085
1109,-74.064,-83.720,0.063
1110,-75.618,-83.616,0.049
1111,-68.454,-81.751,0.067
1112,-26.143,-78.111,0.093
1113,39.300,-73.903,0.097
1114,-9.834,-76.263,0.094
1115,-59.622,-79.309,0.078
1116,-70.576,-81.083,0.063
1117,-73.002,-82.158,0.057
1118,-74.347,-83.112,0.055
1119,-75.060,-83.733,0.055
1120,-75.009,-83.781,0.056
1121,-74.395,-83.197,0.056
1122,-73.619,-81.855,0.053
1123,-72.414,-79.574,0.046
1124,-70.404,-76.980,0.043
1125,-68.606,-75.264,0.043
1126,-65.331,-74.206,0.052
1127,-56.417,-72.182,0.067
1128,-40.943,-70.448,0.087
1129,-50.997,-75.534,0.076
1130,-58.535,-78.375,0.075
1131,-69.920,-81.758,0.065
1132,-77.700,-84.712,0.049
1133,-80.928,-86.353,0.039
1134,-78.347,-86.145,0.051
1135,-48.036,-84.632,0.091
1136,150.813,-81.071,0.125
1137,421.421,-77.337,0.149
1138,111.147,-77.298,0.109
1139,-52.020,-81.114,0.083
1140,-73.920,-82.728,0.058
1141,-76.309,-83.750,0.052
1142,-77.754,-84.434,0.050
1143,-79.307,-84.931,0.042
1144,-80.009,-85.160,0.037
1145,-79.706,-84.797,0.036
1146,-78.224,-83.543,0.040
1147,-73.250,-81.535,0.063
1148,-52.365,-78.894,0.095
1149,-20.582,-75.140,0.100
1150,-45.721,-74.355,0.089
1151,-59.426,-74.106,0.071
1152,-54.236,-74.225,0.073
1153,-40.437,-73.545,0.089
1154,-47.503,-76.317,0.099
1155,-60.832,-78.980,0.086
1156,-69.940,-81.424,0.071
1157,-74.212,-82.544,0.055
1158,-69.957,-81.443,0.062
1159,-38.773,-78.392,0.081
1160,0.071,-75.487,0.090
1161,-28.658,-76.010,0.092
1162,-53.941,-77.009,0.088
1163,-58.284,-76.998,0.078
1164,-62.390,-78.283,0.073
1165,-69.377,-80.906,0.067
1166,-74.254,-82.975,0.057
1167,-76.338,-84.216,0.053
1168,-76.651,-84.474,0.053
1169,-76.008,-83.733,0.052
1170,-74.717,-82.158,0.051
1171,-72.996,-80.423,0.052
1172,-72.468,-79.575,0.050
1173,-72.098,-79.192,0.049
1174,-69.116,-77.849,0.055
1175,-61.233,-75.453,0.070
1176,-48.390,-73.217,0.084
1177,-54.353,-74.741,0.074
1178,-61.400,-77.671,0.068
1179,-71.010,-81.160,0.058
1180,-77.638,-84.225,0.043
1181,-80.191,-86.011,0.038
1182,-78.997,-86.251,0.047
1183,-66.197,-85.425,0.080
1184,19.752,-82.698,0.112
1185,218.004,-77.972,0.125
1186,103.504,-77.119,0.107
1187,-46.092,-80.445,0.079
1188,-73.847,-82.709,0.053
1189,-76.334,-83.974,0.050
1190,-76.696,-84.485,0.053
1191,-77.810,-84.844,0.050
1192,-78.657,-85.028,0.044
1193,-78.614,-84.844,0.041
1194,-77.713,-83.999,0.042
1195,-75.541,-82.386,0.049
1196,-69.117,-80.137,0.075
1197,-45.604,-76.736,0.100
1198,-23.368,-72.357,0.094
1199,-46.858,-72.299,0.090
1200,-54.008,-72.852,0.077
1201,-52.652,-71.087,0.070
1202,-59.225,-74.536,0.067
1203,-67.831,-78.369,0.061
1204,-73.924,-81.458,0.049
1205,-75.879,-82.762,0.044
1206,-68.293,-82.244,0.058
1207,-48.543,-81.366,0.072
1208,-49.213,-82.806,0.075
1209,-64.842,-85.946,0.072
1210,-69.609,-88.343,0.067
1211,-71.115,-89.657,0.067
1212,-76.369,-90.405,0.073
1213,-78.767,-89.959,0.073
1214,-79.024,-88.001,0.062
1215,-79.080,-86.672,0.054
1216,-78.661,-85.462,0.047
1217,-77.412,-84.031,0.045
1218,-74.537,-81.860,0.051
1219,-69.596,-79.515,0.062
1220,-66.814,-77.371,0.064
1221,-65.337,-75.007,0.062
1222,-61.421,-72.122,0.066
1223,-56.411,-69.416,0.069
1224,-52.580,-69.057,0.068
1225,-48.136,-73.692,0.082
1226,-56.109,-75.923,0.077
1227,-66.844,-78.962,0.070
1228,-74.104,-81.545,0.053
1229,-77.244,-83.110,0.043
1230,-71.411,-82.726,0.066
1231,-12.204,-80.567,0.106
1232,215.904,-75.523,0.124
1233,215.530,-73.130,0.119
1234,-3.203,-75.478,0.100
1235,-59.593,-77.494,0.084
1236,-67.861,-78.099,0.062
1237,-70.450,-79.269,0.058
1238,-73.060,-80.728,0.054
1239,-75.440,-82.116,0.050
1240,-76.629,-82.927,0.045
1241,-76.606,-82.822,0.043
1242,-75.155,-81.604,0.047
1243,-69.326,-79.484,0.068
1244,-48.124,-76.258,0.091
1245,-33.792,-74.263,0.096
1246,-53.816,-74.548,0.091
1247,-57.730,-73.524,0.077
1248,-50.872,-72.756,0.078
1249,-29.315,-65.371,0.086
1250,-38.826,-68.831,0.091
1251,-54.495,-72.023,0.077
1252,-64.875,-74.931,0.059
1253,-68.323,-75.912,0.046
1254,-59.081,-75.388,0.066
1255,-23.914,-73.631,0.083
1256,-11.857,-72.980,0.086
1257,-39.807,-75.354,0.089
1258,-43.898,-77.137,0.099
1259,-35.352,-77.112,0.099
1260,-45.761,-76.446,0.103
1261,-60.245,-73.873,0.073
1262,-65.792,-73.576,0.049
1263,-67.842,-74.595,0.044
1264,-68.795,-75.262,0.042
1265,-68.922,-75.283,0.041
1266,-68.323,-74.488,0.040
1267,-66.532,-72.792,0.041
1268,-63.550,-70.959,0.050
1269,-61.128,-69.631,0.055
1270,-57.551,-68.523,0.066
1271,-49.162,-66.307,0.075
1272,-36.134,-64.900,0.086
1273,-58.769,-71.332,0.062
1274,-61.825,-73.444,0.061
1275,-63.928,-75.708,0.062
1276,-68.794,-79.356,0.061
1277,-74.834,-82.031,0.045
1278,-74.782,-82.935,0.047
1279,-72.889,-82.969,0.057
1280,-59.220,-82.617,0.085
1281,10.023,-80.542,0.108
1282,77.591,-77.283,0.109
1283,-12.661,-78.234,0.095
1284,-65.831,-80.766,0.070
1285,-73.828,-82.252,0.056
1286,-74.279,-82.677,0.057
1287,-74.240,-82.274,0.055
1288,-74.113,-81.943,0.052
1289,-73.824,-81.767,0.052
1290,-72.636,-80.712,0.052
1291,-70.616,-79.240,0.057
1292,-66.467,-77.539,0.074
1293,-51.497,-74.812,0.097
1294,-22.941,-70.819,0.099
1295,-38.153,-69.596,0.098
1296,-55.293,-69.844,0.076
1297,-22.000,-69.123,0.090
1298,-31.443,-72.489,0.095
1299,-52.126,-76.494,0.093
1300,-66.043,-79.415,0.078
1301,-70.853,-80.045,0.057
1302,-62.670,-79.543,0.072
1303,-35.921,-77.978,0.082
1304,-31.475,-78.156,0.090
1305,-48.458,-78.948,0.090
1306,-49.004,-78.872,0.090
1307,-46.456,-77.801,0.084
1308,-57.647,-77.769,0.073
1309,-68.926,-79.446,0.060
1310,-73.736,-81.202,0.048
1311,-75.382,-82.087,0.045
1312,-75.514,-82.034,0.043
1313,-74.871,-81.302,0.042
1314,-73.986,-80.049,0.040
1315,-72.993,-78.716,0.039
1316,-72.046,-77.726,0.039
1317,-70.386,-76.590,0.041
1318,-65.990,-74.750,0.051
1319,-55.209,-72.180,0.067
1320,-36.080,-69.387,0.078
1321,-59.119,-70.902,0.061
1322,-62.179,-72.662,0.057
1323,-66.314,-74.803,0.050
1324,-69.577,-76.780,0.045
1325,-66.882,-77.576,0.059
1326,-52.972,-77.472,0.079
1327,-54.880,-77.579,0.076
1328,-59.766,-77.511,0.073
1329,-26.529,-76.664,0.094
1330,30.073,-75.069,0.103
1331,-13.721,-76.641,0.093
1332,-62.870,-79.618,0.068
1333,-73.322,-81.798,0.052
1334,-74.625,-82.820,0.052
1335,-75.109,-82.977,0.050
1336,-75.212,-82.775,0.046
1337,-74.301,-81.913,0.047
1338,-71.263,-80.304,0.059
1339,-68.996,-79.129,0.064
1340,-67.989,-78.114,0.065
1341,-59.722,-76.063,0.085
1342,-38.713,-72.146,0.095
1343,-40.553,-70.248,0.092
1344,-55.372,-70.070,0.074
1345,-44.402,-73.510,0.091
1346,-51.968,-75.404,0.091
1347,-63.310,-77.908,0.078
1348,-70.814,-80.029,0.060
1349,-73.939,-81.268,0.050
1350,-69.100,-80.873,0.066
1351,-43.710,-78.272,0.081
1352,-21.566,-74.935,0.086
1353,-39.332,-74.322,0.085
1354,-47.700,-74.870,0.092
1355,-44.457,-74.803,0.090
1356,-52.996,-76.214,0.078
1357,-67.661,-79.352,0.063
1358,-75.077,-82.093,0.048
1359,-77.371,-83.694,0.045
1360,-77.528,-84.068,0.047
1361,-76.867,-83.591,0.048
1362,-76.015,-82.592,0.047
1363,-74.654,-81.085,0.046
1364,-72.503,-79.388,0.050
1365,-70.308,-78.180,0.055
1366,-66.969,-77.037,0.063
1367,-59.659,-75.181,0.072
1368,-49.053,-73.376,0.084
1369,-31.700,-66.460,0.085
1370,-40.235,-70.099,0.093
1371,-55.862,-74.275,0.082
1372,-66.876,-78.231,0.069
1373,-71.682,-80.241,0.056
1374,-67.531,-80.582,0.070
1375,-43.191,-79.092,0.086
1376,-23.541,-77.471,0.087
1377,-42.875,-80.784,0.096
1378,-53.850,-85.010,0.102
1379,-54.513,-88.446,0.098
1380,-67.410,-90.398,0.080
1381,-81.799,-90.999,0.053
1382,-83.973,-90.756,0.044
1383,-81.643,-88.690,0.047
1384,-79.264,-86.294,0.046
1385,-77.437,-84.443,0.046
1386,-76.147,-82.712,0.043
1387,-74.671,-80.806,0.042
1388,-72.499,-78.815,0.044
1389,-69.762,-76.855,0.047
1390,-64.840,-74.422,0.057
1391,-54.831,-70.751,0.068
1392,-40.081,-67.145,0.081
1393,-62.991,-73.260,0.061
1394,-66.033,-74.560,0.054
1395,-69.364,-76.242,0.045
1396,-71.220,-77.746,0.042
1397,-71.490,-79.326,0.049
1398,-72.396,-80.399,0.051
1399,-63.383,-80.305,0.072
1400,-23.319,-78.159,0.090
1401,-5.926,-75.658,0.086
1402,-44.637,-76.917,0.079
1403,-61.448,-78.176,0.074
1404,-63.617,-78.387,0.070
1405,-66.616,-78.300,0.063
1406,-70.630,-79.553,0.058
1407,-73.302,-80.951,0.051
1408,-74.469,-81.822,0.049
1409,-74.344,-81.849,0.049
1410,-73.424,-81.335,0.052
1411,-70.415,-80.057,0.061
1412,-56.545,-77.549,0.085
1413,-32.886,-74.521,0.094
1414,-46.031,-73.834,0.089
1415,-59.409,-73.302,0.076
1416,-61.763,-73.077,0.068
1417,-58.510,-73.721,0.072
1418,-61.864,-75.266,0.067
1419,-67.664,-77.362,0.057
1420,-72.330,-79.666,0.048
1421,-75.309,-81.670,0.044
1422,-74.685,-82.080,0.049
1423,-51.811,-80.868,0.090
1424,76.381,-76.630,0.108
1425,204.211,-72.977,0.117
1426,37.645,-73.667,0.101
1427,-48.237,-76.477,0.091
1428,-61.985,-77.274,0.073
1429,-66.359,-78.082,0.066
1430,-70.279,-79.676,0.061
1431,-73.157,-81.277,0.060
1432,-74.723,-82.253,0.054
1433,-75.145,-82.561,0.051
1434,-74.588,-82.055,0.050
1435,-71.735,-80.241,0.056
1436,-57.884,-77.287,0.082
1437,-21.616,-73.967,0.097
1438,-31.531,-73.857,0.102
1439,-55.752,-73.572,0.088
1440,-58.905,-73.205,0.075
1441,-38.758,-67.436,0.080
1442,-47.723,-70.982,0.084
1443,-61.062,-75.182,0.072
1444,-70.167,-78.953,0.054
1445,-74.312,-81.057,0.043
1446,-70.331,-81.041,0.056
1447,-39.587,-79.168,0.078
1448,3.039,-77.953,0.091
1449,-28.295,-80.983,0.089
1450,-62.087,-85.583,0.083
1451,-73.976,-88.607,0.063
1452,-81.394,-90.592,0.048
1453,-84.828,-91.401,0.042
1454,-83.718,-90.792,0.050
1455,-81.625,-88.729,0.049
1456,-79.847,-86.609,0.045
1457,-78.395,-85.029,0.043
1458,-77.119,-83.352,0.040
1459,-75.248,-81.118,0.039
1460,-72.188,-78.605,0.044
1461,-68.973,-76.478,0.051
1462,-64.616,-74.210,0.057
1463,-55.870,-70.873,0.066
1464,-43.777,-67.539,0.075
1465,-51.948,-72.287,0.073
1466,-58.114,-74.861,0.068
1467,-67.506,-78.156,0.060
1468,-74.126,-81.073,0.047
1469,-76.926,-82.813,0.041
1470,-74.770,-82.811,0.052
1471,-48.285,-81.517,0.091
1472,119.073,-78.042,0.121
1473,339.347,-74.821,0.138
1474,86.164,-76.161,0.108
1475,-53.425,-80.115,0.080
1476,-73.295,-81.878,0.056
1477,-75.050,-82.856,0.056
1478,-75.718,-83.274,0.055
1479,-77.008,-83.584,0.049
1480,-77.794,-83.725,0.043
1481,-77.623,-83.372,0.041
1482,-76.384,-82.228,0.043
1483,-72.653,-80.200,0.060
1484,-57.568,-77.398,0.093
1485,-16.523,-73.090,0.106
1486,-26.332,-71.247,0.099
1487,-53.250,-71.071,0.083
1488,-53.610,-71.281,0.073
1489,-68.343,-75.912,0.046
1490,-70.719,-78.260,0.049
1491,-73.812,-81.318,0.051
1492,-76.541,-84.167,0.052
1493,-78.149,-85.788,0.050
1494,-78.259,-85.924,0.048
1495,-73.690,-84.552,0.064
1496,-44.525,-81.849,0.091
1497,23.692,-78.286,0.109
1498,1.123,-78.165,0.102
1499,-57.548,-81.037,0.082
1500,-72.161,-83.256,0.069
1501,-74.228,-84.498,0.064
1502,-75.409,-85.092,0.060
1503,-76.287,-85.343,0.055
1504,-76.288,-85.104,0.052
1505,-75.252,-84.096,0.053
1506,-72.879,-82.517,0.063
1507,-65.258,-80.427,0.087
1508,-19.816,-77.384,0.116
1509,90.886,-71.867,0.114
1510,3.975,-71.702,0.108
1511,-58.239,-73.087,0.072
1512,-66.581,-74.331,0.049
1513,-61.957,-73.607,0.058
1514,30.798,-71.568,0.108
1515,972.028,-54.578,0.359
1516,833.468,826.648,0.003
1517,-4.325,-82.480,0.117
1518,-69.749,-83.908,0.071
1519,-72.413,-83.956,0.061
1520,-63.451,-83.027,0.078
1521,-28.107,-81.123,0.101
1522,-21.547,-80.270,0.104
1523,-58.426,-81.900,0.091
1524,-72.524,-82.941,0.069
1525,-70.723,-82.498,0.074
1526,-24.152,-80.026,0.114
1527,52.651,-77.062,0.135
1528,-52.529,-78.943,0.094
1529,-71.487,-79.929,0.061
1530,-70.871,-79.533,0.064
1531,-67.614,-78.766,0.077
1532,-52.188,-77.298,0.106
1533,-32.764,-73.938,0.102
1534,-53.356,-72.393,0.078
1535,-66.105,-73.053,0.046
1536,-67.093,-74.189,0.042
1537,-30.251,-67.381,0.090
1538,-37.392,-70.453,0.096
1539,-53.262,-74.471,0.091
1540,-65.015,-78.132,0.076
1541,-71.017,-80.717,0.061
1542,-72.305,-81.078,0.054
1543,-60.548,-79.577,0.077
1544,8.642,-76.367,0.099
1545,95.485,-74.658,0.105
1546,3.801,-79.998,0.100
1547,-62.905,-85.528,0.085
1548,-78.181,-88.205,0.060
1549,-81.304,-89.429,0.054
1550,-80.852,-89.127,0.057
1551,-79.348,-87.709,0.057
1552,-77.633,-85.991,0.055
1553,-75.990,-84.411,0.054
1554,-74.677,-82.744,0.052
1555,-73.195,-80.593,0.049
1556,-70.385,-77.552,0.049
1557,-66.191,-74.427,0.054
1558,-61.818,-72.207,0.062
1559,-53.771,-69.755,0.069
1560,-39.934,-67.493,0.082
1561,-29.761,-71.805,0.095
1562,-39.395,-74.337,0.094
1563,-56.100,-77.274,0.090
1564,-66.735,-79.456,0.075
1565,-72.127,-81.076,0.055
1566,-71.201,-81.017,0.057
1567,-52.642,-79.192,0.079
1568,-26.578,-76.720,0.086
1569,-39.998,-76.853,0.084
1570,-54.821,-78.041,0.088
1571,-54.686,-77.852,0.082
1572,-56.665,-77.569,0.080
1573,-65.296,-78.597,0.069
1574,-71.777,-80.412,0.055
1575,-74.550,-81.836,0.048
1576,-75.189,-82.305,0.047
1577,-74.792,-81.959,0.047
1578,-74.141,-80.953,0.045
1579,-73.134,-79.425,0.042
1580,-71.541,-77.764,0.042
1581,-69.472,-76.335,0.046
1582,-65.241,-74.840,0.058
1583,-55.412,-72.349,0.072
1584,-39.381,-71.192,0.092
1585,-50.723,-73.169,0.082
1586,-57.839,-76.034,0.076
1587,-68.080,-79.460,0.066
1588,-75.270,-82.566,0.052
1589,-78.172,-84.497,0.046
1590,-76.106,-84.832,0.058
1591,-53.772,-84.267,0.097
1592,111.944,-81.614,0.129
1593,483.398,-78.143,0.180
1594,211.319,-74.245,0.120
1595,-32.574,-78.260,0.095
1596,-69.764,-80.404,0.064
1597,-73.305,-81.688,0.058
1598,-74.026,-82.402,0.063
1599,-75.509,-82.937,0.058
1600,-76.698,-83.294,0.050
1601,-76.886,-83.261,0.047
1602,-76.033,-82.648,0.049
1603,-73.372,-81.355,0.063
1604,-63.108,-79.669,0.099
1605,-16.834,-76.354,0.128
1606,15.840,-71.363,0.111
1607,-37.257,-71.094,0.102
1608,-50.375,-71.631,0.089
1609,-32.273,-70.322,0.093
1610,-40.397,-73.332,0.101
1611,-56.445,-76.899,0.094
1612,-67.215,-79.000,0.073
1613,-70.104,-79.024,0.056
1614,-56.827,-77.724,0.073
1615,-14.056,-75.392,0.093
1616,-7.655,-74.529,0.097
1617,-41.233,-75.033,0.089
1618,-51.806,-75.333,0.089
1619,-54.298,-75.691,0.087
1620,-62.256,-77.830,0.081
1621,-70.180,-80.158,0.065
1622,-74.286,-81.929,0.053
1623,-75.803,-82.643,0.047
1624,-75.815,-82.436,0.045
1625,-74.988,-81.436,0.043
1626,-73.709,-79.957,0.043
1627,-72.734,-78.845,0.043
1628,-72.659,-78.337,0.040
1629,-71.693,-77.465,0.040
1630,-67.824,-75.536,0.049
1631,-58.270,-72.543,0.063
1632,-42.527,-70.189,0.083
1633,-65.733,-72.737,0.043
1634,-67.594,-74.661,0.046
1635,-70.598,-77.330,0.048
1636,-73.399,-79.837,0.045
1637,-74.592,-80.837,0.041
1638,-69.208,-79.991,0.056
1639,-50.480,-78.243,0.071
1640,-45.292,-78.085,0.075
1641,-61.332,-79.363,0.072
1642,-66.794,-79.800,0.064
1643,-66.213,-79.394,0.065
1644,-68.383,-79.188,0.063
1645,-71.849,-80.282,0.055
1646,-74.469,-81.935,0.053
1647,-75.874,-82.785,0.049
1648,-75.892,-82.673,0.047
1649,-73.962,-81.442,0.054
1650,-66.086,-79.141,0.073
1651,-46.841,-76.198,0.087
1652,-48.114,-74.901,0.088
1653,-61.530,-74.664,0.073
1654,-64.928,-73.851,0.058
1655,-65.106,-72.812,0.050
1656,-65.314,-72.202,0.042
1657,-55.657,-73.538,0.071
1658,-60.306,-75.883,0.064
1659,-66.315,-78.604,0.061
1660,-73.011,-82.169,0.053
1661,-78.194,-84.974,0.043
1662,-78.201,-85.671,0.047
1663,-70.769,-84.937,0.074
1664,-16.642,-82.655,0.104
1665,209.612,-78.672,0.128
1666,240.673,-76.281,0.127
1667,-1.144,-78.556,0.096
1668,-66.930,-81.279,0.070
1669,-74.304,-82.583,0.053
1670,-75.152,-83.098,0.052
1671,-75.983,-83.265,0.048
1672,-76.583,-83.440,0.044
1673,-76.662,-83.518,0.043
1674,-75.977,-82.929,0.043
1675,-74.037,-81.419,0.048
1676,-68.113,-79.336,0.073
1677,-43.450,-76.022,0.102
1678,-7.392,-71.986,0.106
1679,-37.242,-71.007,0.095
1680,-53.939,-71.564,0.077
1681,-47.095,-72.672,0.087
1682,-51.828,-74.129,0.084
1683,-55.965,-75.666,0.085
1684,-58.647,-79.744,0.093
1685,-71.141,-83.042,0.071
1686,-75.802,-83.325,0.048
1687,-66.922,-81.182,0.068
1688,-14.485,-77.334,0.098
1689,62.662,-73.168,0.105
1690,-0.900,-75.237,0.100
1691,-57.636,-78.059,0.084
1692,-69.404,-79.603,0.063
1693,-72.106,-80.564,0.054
1694,-73.420,-81.423,0.051
1695,-73.998,-81.944,0.052
1696,-74.038,-82.058,0.053
1697,-73.496,-81.445,0.052
1698,-72.405,-79.859,0.050
1699,-70.001,-77.436,0.053
1700,-66.678,-74.631,0.053
1701,-66.628,-73.306,0.046
1702,-65.998,-72.876,0.045
1703,-60.653,-71.898,0.061
1704,-51.782,-71.542,0.078
1705,-54.602,-75.204,0.075
1706,-59.962,-77.105,0.073
1707,-68.536,-79.687,0.068
1708,-74.636,-81.946,0.052
1709,-77.282,-83.109,0.040
1710,-71.771,-82.372,0.059
1711,-38.697,-79.811,0.083
1712,0.960,-77.209,0.097
1713,-29.982,-76.244,0.082
1714,-56.058,-77.338,0.081
1715,-60.857,-77.218,0.070
1716,-64.620,-78.227,0.068
1717,-70.266,-80.293,0.061
1718,-74.777,-82.533,0.056
1719,-77.550,-84.015,0.047
1720,-78.618,-84.643,0.043
1721,-78.383,-84.311,0.042
1722,-76.648,-82.927,0.046
1723,-71.262,-80.763,0.061
1724,-64.326,-79.127,0.076
1725,-66.467,-78.585,0.073
1726,-68.274,-78.007,0.063
1727,-64.617,-76.440,0.063
1728,-57.806,-75.013,0.069
1729,-26.397,-68.833,0.095
1730,-33.306,-70.222,0.095
1731,-44.876,-73.158,0.096
1732,-59.238,-77.401,0.082
1733,-65.670,-79.049,0.067
1734,-62.465,-80.005,0.069
1735,-64.247,-79.989,0.067
1736,-54.925,-78.863,0.082
1737,-8.706,-76.577,0.097
1738,8.386,-77.332,0.103
1739,-47.591,-81.807,0.089
1740,-72.537,-85.186,0.070
1741,-77.321,-86.991,0.057
1742,-78.199,-87.462,0.054
1743,-77.903,-87.005,0.052
1744,-76.796,-85.986,0.053
1745,-75.249,-84.470,0.053
1746,-73.839,-82.693,0.051
1747,-72.353,-80.482,0.047
1748,-69.947,-77.415,0.045
1749,-66.531,-73.842,0.044
1750,-61.927,-70.832,0.051
1751,-52.412,-68.696,0.069
1752,-36.537,-68.169,0.092
1753,-38.818,-66.294,0.081
1754,-37.598,-66.213,0.086
1755,-8.829,-65.703,0.110
1756,291.234,-64.177,0.172
1757,523.688,-73.592,0.206
1758,23.539,-76.014,0.123
1759,-43.528,-76.166,0.093
1760,48.996,-73.512,0.107
1761,97.010,-72.487,0.107
1762,-14.700,-77.893,0.105
1763,-61.721,-83.137,0.104
1764,-71.815,-86.134,0.087
1765,-75.933,-87.750,0.077
1766,-77.024,-86.863,0.066
1767,-73.076,-84.770,0.074
1768,-68.973,-82.262,0.078
1769,-72.112,-80.382,0.056
1770,-71.450,-78.900,0.049
1771,-67.586,-76.027,0.056
1772,-64.579,-73.132,0.053
1773,-65.106,-71.706,0.044
1774,-63.438,-70.278,0.044
1775,-57.272,-68.151,0.060
1776,-46.909,-66.295,0.072
1777,-45.911,-70.182,0.081
1778,-51.689,-73.452,0.090
1779,-62.115,-77.023,0.086
1780,-69.689,-79.501,0.065
1781,-72.522,-80.110,0.049
1782,-64.521,-78.974,0.064
1783,-32.265,-76.966,0.080
1784,-19.554,-76.447,0.084
1785,-48.138,-78.005,0.082
1786,-59.611,-78.585,0.081
1787,-60.767,-78.057,0.075
1788,-65.302,-78.353,0.066
1789,-71.023,-79.998,0.056
1790,-74.268,-81.673,0.048
1791,-75.408,-82.475,0.046
1792,-75.191,-82.211,0.046
1793,-74.020,-81.019,0.047
1794,-71.927,-79.205,0.050
1795,-69.855,-77.538,0.051
1796,-69.717,-76.669,0.047
1797,-69.392,-75.901,0.043
1798,-66.872,-74.301,0.046
1799,-60.699,-71.875,0.056
1800,-51.204,-69.705,0.069
1801,-47.518,-69.332,0.077
1802,-53.790,-72.047,0.074
1803,-63.740,-75.668,0.068
1804,-71.387,-79.170,0.055
1805,-75.319,-81.463,0.046
1806,-75.328,-81.766,0.044
1807,-63.879,-80.506,0.072
1808,24.242,-77.423,0.102
1809,276.558,-74.294,0.125
1810,168.427,-76.928,0.114
1811,-35.278,-82.623,0.090
1812,-75.515,-85.846,0.063
1813,-80.049,-87.446,0.054
1814,-80.466,-87.794,0.056
1815,-80.306,-87.108,0.051
1816,-79.579,-86.128,0.048
1817,-78.322,-84.821,0.047
1818,-76.422,-82.862,0.047
1819,-72.549,-80.099,0.059
1820,-59.786,-76.286,0.083
1821,-30.034,-71.551,0.091
1822,-36.471,-69.557,0.091
1823,-52.565,-68.277,0.073
1824,-49.999,-68.067,0.073
1825,18.522,-70.652,0.134
1826,2383.586,-59.770,0.411
1827,328619.082,60.600,1.171
1828,469529.132,90.541,1.148
1829,3507.242,-45.668,0.403
1830,80.570,-77.039,0.137
1831,30.673,-80.702,0.113
1832,-47.799,-81.868,0.089
1833,-42.735,-81.865,0.087
1834,-15.915,-80.622,0.090
1835,-42.066,-81.651,0.084
1836,-69.810,-83.094,0.064
1837,-72.795,-82.889,0.063
1838,-17.756,-80.817,0.107
1839,857.060,-33.928,0.441
1840,616.072,40.645,0.506
1841,-39.632,-78.348,0.109
1842,-70.763,-78.980,0.057
1843,-72.544,-79.342,0.046
1844,-72.417,-78.982,0.043
1845,-70.256,-77.256,0.046
1846,-65.797,-75.048,0.055
1847,-56.896,-73.569,0.068
1848,-39.629,-72.241,0.082
1849,-46.746,-71.773,0.079
1850,-54.998,-74.557,0.074
1851,-65.781,-77.774,0.065
1852,-73.689,-81.344,0.052
1853,-77.664,-83.718,0.042
1854,-76.215,-84.108,0.052
1855,-52.953,-83.038,0.089
1856,109.538,-79.637,0.123
1857,403.751,-75.669,0.152
1858,144.416,-74.131,0.114
1859,-42.371,-77.548,0.084
1860,-69.907,-79.805,0.061
1861,-72.665,-81.039,0.056
1862,-73.860,-81.795,0.058
1863,-75.329,-82.193,0.051
1864,-76.064,-82.423,0.046
1865,-75.834,-82.205,0.045
1866,-74.593,-81.077,0.046
1867,-71.135,-79.169,0.063
1868,-58.010,-76.715,0.100
1869,-20.782,-72.452,0.109
1870,-24.806,-69.541,0.099
1871,-49.118,-69.853,0.091
1872,-48.113,-69.942,0.079
1873,-48.789,-72.685,0.080
1874,-55.979,-74.756,0.076
1875,-66.185,-78.111,0.071
1876,-73.118,-80.568,0.053
1877,-75.699,-81.724,0.043
1878,-66.658,-80.986,0.065
1879,-4.909,-78.597,0.095
1880,87.543,-75.788,0.102
1881,12.407,-77.302,0.097
1882,-52.415,-79.295,0.081
1883,-65.316,-79.922,0.066
1884,-68.871,-80.044,0.062
1885,-71.785,-80.761,0.055
1886,-74.595,-82.282,0.052
1887,-76.796,-83.311,0.047
1888,-77.651,-83.654,0.042
1889,-77.147,-83.088,0.041
1890,-74.804,-81.386,0.048
1891,-66.791,-78.715,0.070
1892,-52.264,-76.219,0.085
1893,-55.900,-75.508,0.082
1894,-62.620,-75.064,0.074
1895,-59.462,-73.695,0.068
1896,-51.775,-72.212,0.073
1897,-54.072,-72.165,0.070
1898,-60.235,-75.028,0.067
1899,-68.544,-78.611,0.060
1900,-74.465,-81.628,0.050
1901,-76.959,-83.368,0.044
1902,-77.195,-83.972,0.043
1903,-72.463,-83.264,0.061
1904,-36.958,-81.029,0.091
1905,61.163,-77.048,0.105
1906,39.659,-76.114,0.097
1907,-49.334,-79.351,0.079
1908,-71.931,-81.371,0.056
1909,-74.137,-82.501,0.054
1910,-74.559,-82.817,0.055
1911,-75.346,-82.823,0.051
1912,-75.657,-82.648,0.046
1913,-75.188,-82.061,0.045
1914,-74.085,-80.931,0.044
1915,-72.110,-79.163,0.047
1916,-67.061,-76.571,0.064
1917,-52.318,-73.080,0.084
1918,-41.207,-70.310,0.090
1919,-51.871,-69.763,0.078
1920,-53.883,-70.530,0.072
1921,-59.049,-74.896,0.066
1922,-63.987,-77.372,0.064
1923,-71.040,-80.554,0.057
1924,-76.714,-83.680,0.048
1925,-78.984,-85.364,0.042
1926,-78.169,-85.802,0.046
1927,-76.509,-85.332,0.050
1928,-62.237,-83.948,0.076
1929,-7.639,-80.790,0.095
1930,17.564,-79.111,0.098
1931,-44.213,-80.919,0.081
1932,-71.974,-83.118,0.061
1933,-76.052,-84.326,0.053
1934,-76.967,-84.795,0.051
1935,-77.686,-84.928,0.048
1936,-77.812,-84.947,0.045
1937,-77.223,-84.446,0.045
1938,-76.087,-83.395,0.046
1939,-74.358,-82.015,0.048
1940,-70.009,-79.983,0.064
1941,-57.917,-76.815,0.081
1942,-49.446,-73.959,0.087
1943,-57.682,-72.962,0.071
1944,-59.132,-73.406,0.065
1945,-49.925,-72.594,0.074
1946,-56.509,-75.187,0.072
1947,-66.160,-78.433,0.066
1948,-73.707,-81.697,0.053
1949,-77.738,-83.840,0.042
1950,-77.650,-84.027,0.042
1951,-66.697,-82.519,0.068
1952,14.590,-79.388,0.102
1953,237.188,-75.811,0.122
1954,141.141,-76.290,0.110
1955,-36.959,-80.041,0.084
1956,-71.886,-82.482,0.061
1957,-75.651,-83.658,0.053
1958,-76.865,-84.081,0.049
1959,-77.957,-84.294,0.043
1960,-78.325,-84.365,0.040
1961,-77.873,-83.923,0.039
1962,-76.523,-82.558,0.040
1963,-73.126,-80.141,0.050
1964,-61.083,-76.813,0.077
1965,-31.569,-72.698,0.092
1966,-37.194,-70.459,0.086
1967,-54.314,-70.395,0.072
1968,-52.104,-70.873,0.071
1969,-52.287,-66.655,0.068
1970,-57.268,-69.699,0.067
1971,-63.955,-73.723,0.061
1972,-69.259,-77.605,0.057
1973,-72.262,-79.883,0.052
1974,-69.587,-79.733,0.061
1975,-33.801,-77.523,0.088
1976,107.549,-73.229,0.104
1977,126.940,-74.206,0.106
1978,-20.526,-80.775,0.098
1979,-68.193,-85.017,0.078
1980,-76.188,-87.731,0.071
1981,-76.665,-88.834,0.078
1982,-75.713,-88.365,0.085
1983,-74.958,-86.604,0.079
1984,-74.244,-84.900,0.072
1985,-73.160,-83.266,0.068
1986,-71.114,-80.968,0.066
1987,-65.300,-77.648,0.077
1988,-42.915,-73.242,0.095
1989,-15.328,-69.329,0.101
1990,-39.409,-68.702,0.098
1991,-52.247,-67.126,0.083
1992,-51.891,-66.123,0.074
1993,-36.681,-67.516,0.084
1994,-45.458,-70.932,0.083
1995,-59.689,-75.294,0.073
1996,-69.630,-79.274,0.059
1997,-74.378,-81.571,0.046
1998,-71.861,-81.425,0.053
1999,-42.695,-79.331,0.076
2000,19.128,-77.229,0.091
2001,-5.496,-79.850,0.090
2002,-56.072,-85.361,0.088
2003,-72.828,-88.307,0.066
2004,-79.808,-90.512,0.056
2005,-83.031,-91.269,0.051
2006,-82.459,-90.619,0.056
2007,-80.809,-88.611,0.054
2008,-79.277,-86.744,0.050
2009,-77.887,-85.225,0.049
2010,-76.552,-83.441,0.046
2011,-74.494,-80.939,0.043
2012,-70.936,-78.182,0.048
2013,-67.483,-75.957,0.055
2014,-63.601,-73.667,0.060
2015,-55.157,-70.348,0.067
2016,-42.707,-67.384,0.078
2017,-25.225,-67.876,0.101
2018,-34.741,-71.109,0.101
2019,-52.565,-75.560,0.100
2020,-64.228,-78.299,0.082
2021,-67.430,-79.316,0.069
2022,-66.758,-80.261,0.070
2023,-66.396,-79.403,0.068
2024,-48.533,-77.667,0.090
2025,10.800,-74.779,0.102
2026,12.200,-77.092,0.109
2027,-51.176,-82.244,0.095
2028,-73.552,-85.583,0.076
2029,-77.864,-87.051,0.059
2030,-78.624,-87.278,0.053
2031,-78.056,-86.711,0.053
2032,-76.663,-85.543,0.054
2033,-74.978,-83.976,0.055
2034,-73.554,-82.130,0.053
2035,-72.005,-79.646,0.049
2036,-69.454,-76.300,0.046
2037,-66.238,-73.017,0.045
2038,-61.879,-70.552,0.053
2039,-52.137,-68.101,0.070
2040,-35.710,-67.048,0.094
2041,-33.115,-69.419,0.085
2042,-41.175,-73.051,0.099
2043,-56.598,-76.744,0.091
2044,-67.223,-79.204,0.072
2045,-71.233,-79.833,0.054
2046,-62.380,-78.520,0.068
2047,-16.947,-76.299,0.088
2048,14.446,-75.870,0.096
2049,-32.727,-78.404,0.095
2050,-57.657,-79.933,0.083
2051,-61.580,-79.996,0.078
2052,-65.638,-79.658,0.065
2053,-70.862,-80.563,0.057
2054,-73.885,-81.584,0.049
2055,-74.919,-82.018,0.046
2056,-74.694,-81.654,0.045
2057,-73.720,-80.544,0.044
2058,-72.260,-78.756,0.043
2059,-70.540,-76.888,0.043
2060,-69.776,-75.863,0.042
2061,-68.807,-75.110,0.042
2062,-65.283,-73.701,0.051
2063,-56.577,-71.410,0.064
2064,-42.219,-69.340,0.080
2065,-27.714,-69.503,0.088
2066,-34.986,-71.976,0.091
2067,-52.993,-75.807,0.091
2068,-65.916,-78.715,0.077
2069,-71.206,-79.671,0.055
2070,-66.936,-79.002,0.062
2071,-46.245,-77.155,0.079
2072,-33.694,-75.521,0.087
2073,-43.758,-75.430,0.092
2074,-38.487,-75.828,0.103
2075,-23.431,-76.131,0.097
2076,-38.389,-79.312,0.096
2077,-64.680,-82.822,0.079
2078,-75.861,-84.961,0.058
2079,-78.445,-85.545,0.047
2080,-78.197,-84.960,0.045
2081,-77.103,-83.796,0.043
2082,-76.032,-82.370,0.040
2083,-74.918,-80.875,0.039
2084,-73.612,-79.581,0.039
2085,-71.704,-78.387,0.044
2086,-67.315,-76.458,0.054
2087,-57.272,-73.607,0.071
2088,-40.389,-70.685,0.086
2089,-52.168,-68.886,0.069
2090,-58.245,-71.937,0.065
2091,-65.865,-75.463,0.059
2092,-71.225,-78.677,0.051
2093,-74.178,-80.791,0.046
2094,-71.530,-81.134,0.057
2095,-54.121,-80.027,0.071
2096,-42.243,-80.354,0.082
2097,-58.723,-83.369,0.083
2098,-68.783,-85.835,0.076
2099,-68.802,-87.603,0.086
2100,-69.868,-87.487,0.089
2101,-72.459,-86.313,0.090
2102,-74.073,-84.778,0.077
2103,-74.909,-83.693,0.066
2104,-74.826,-82.724,0.058
2105,-73.874,-81.561,0.056
2106,-71.616,-79.830,0.062
2107,-66.479,-77.111,0.071
2108,-61.247,-74.748,0.083
2109,-60.856,-72.680,0.074
2110,-59.456,-70.298,0.070
2111,-55.712,-68.330,0.073
2112,-51.953,-67.521,0.072
2113,-28.548,-68.782,0.091
2114,-36.917,-71.767,0.091
2115,-54.090,-75.863,0.090
2116,-66.211,-78.973,0.074
2117,-72.168,-81.010,0.055
2118,-72.202,-80.876,0.050
2119,-58.571,-79.376,0.070
2120,-34.720,-78.112,0.080
2121,-42.894,-79.427,0.083
2122,-57.922,-81.470,0.086
2123,-58.009,-81.987,0.086
2124,-57.647,-81.206,0.085
2125,-64.974,-80.140,0.069
2126,-71.077,-80.568,0.056
2127,-73.435,-81.387,0.050
2128,-73.763,-81.614,0.051
2129,-73.146,-81.064,0.050
2130,-72.330,-79.905,0.048
2131,-71.204,-78.192,0.044
2132,-69.344,-76.275,0.043
2133,-66.886,-74.701,0.048
2134,-62.694,-73.020,0.059
2135,-53.663,-70.513,0.071
2136,-38.674,-68.498,0.085
2137,-27.376,-72.530,0.091
2138,-36.747,-75.300,0.093
2139,-55.958,-79.242,0.091
2140,-68.785,-82.113,0.080
2141,-74.253,-83.116,0.055
2142,-72.269,-82.183,0.057
2143,-47.727,-79.977,0.086
2144,5.668,-76.401,0.096
2145,-10.689,-76.321,0.093
2146,-53.181,-78.372,0.087
2147,-65.626,-78.897,0.066
2148,-69.089,-79.481,0.059
2149,-71.971,-80.750,0.053
2150,-74.526,-82.416,0.050
2151,-76.046,-83.523,0.048
2152,-76.416,-83.839,0.047
2153,-76.067,-83.476,0.047
2154,-75.571,-82.451,0.044
2155,-74.734,-80.877,0.040
2156,-73.640,-79.574,0.040
2157,-72.339,-78.870,0.043
2158,-68.459,-77.740,0.053
2159,-58.163,-75.490,0.071
2160,-40.039,-72.936,0.086
2161,-30.467,-69.629,0.089
2162,-38.674,-72.074,0.091
2163,-55.483,-75.857,0.090
2164,-67.125,-78.710,0.073
2165,-72.152,-80.007,0.053
2166,-69.011,-79.446,0.058
2167,-47.683,-77.505,0.076
2168,-26.835,-76.185,0.092
2169,-41.958,-76.164,0.089
2170,-51.905,-75.924,0.083
2171,-50.781,-76.299,0.088
2172,-56.149,-78.239,0.084
2173,-67.820,-81.705,0.079
2174,-74.907,-83.876,0.060
2175,-77.238,-84.770,0.053
2176,-77.159,-84.477,0.050
2177,-76.128,-83.429,0.049
2178,-75.012,-81.934,0.047
2179,-73.892,-80.394,0.045
2180,-72.830,-79.270,0.045
2181,-71.198,-78.151,0.048
2182,-67.053,-76.221,0.056
2183,-57.353,-73.118,0.068
2184,-41.283,-70.276,0.084
2185,-39.302,-71.946,0.087
2186,-46.600,-74.576,0.094
2187,-60.163,-78.004,0.086
2188,-69.687,-81.026,0.071
2189,-74.448,-82.719,0.054
2190,-74.234,-81.952,0.048
2191,-56.346,-79.712,0.078
2192,12.456,-75.975,0.099
2193,34.332,-74.572,0.099
2194,-36.599,-77.625,0.091
2195,-64.879,-79.631,0.073
2196,-70.729,-80.643,0.059
2197,-73.417,-81.979,0.053
2198,-75.496,-83.332,0.050
2199,-76.566,-84.089,0.048
2200,-76.555,-84.026,0.047
2201,-75.831,-83.208,0.046
2202,-74.731,-81.595,0.044
2203,-72.762,-79.314,0.045
2204,-70.736,-77.352,0.045
2205,-70.077,-76.648,0.043
2206,-67.439,-75.797,0.048
2207,-59.684,-73.753,0.061
2208,-46.973,-71.705,0.078
2209,-55.367,-71.225,0.072
2210,-58.711,-73.888,0.078
2211,-64.186,-76.333,0.073
2212,-67.619,-78.737,0.067
2213,-71.674,-80.687,0.055
2214,-70.396,-79.862,0.052
2215,-38.250,-76.998,0.076
2216,34.649,-74.554,0.093
2217,5.734,-76.511,0.092
2218,-53.102,-79.257,0.082
2219,-67.359,-80.106,0.067
2220,-69.941,-80.226,0.062
2221,-72.262,-80.704,0.053
2222,-74.093,-81.522,0.048
2223,-74.638,-81.859,0.046
2224,-74.189,-81.395,0.046
2225,-72.614,-79.962,0.048
2226,-68.256,-77.520,0.059
2227,-59.479,-74.584,0.070
2228,-58.835,-72.869,0.066
2229,-64.537,-72.875,0.054
2230,-65.413,-72.300,0.046
2231,-62.652,-71.034,0.051
2232,-57.866,-70.292,0.064
2233,-56.697,-73.295,0.070
2234,-61.535,-75.698,0.063
2235,-67.696,-78.496,0.060
2236,-73.799,-82.024,0.051
2237,-78.449,-84.804,0.043
2238,-78.368,-85.562,0.047
2239,-71.820,-85.056,0.074
2240,-25.613,-82.954,0.104
2241,171.213,-79.451,0.129
2242,218.742,-76.330,0.123
2243,-1.291,-78.484,0.096
2244,-67.150,-81.460,0.073
2245,-74.835,-82.460,0.053
2246,-75.684,-83.041,0.052
2247,-76.362,-83.225,0.049
2248,-76.768,-83.345,0.045
2249,-76.691,-83.375,0.044
2250,-75.911,-82.778,0.045
2251,-73.955,-81.331,0.051
2252,-68.131,-79.396,0.077
2253,-44.175,-76.112,0.103
2254,-10.532,-72.140,0.107
2255,-39.084,-71.141,0.098
2256,-54.722,-71.441,0.077
2257,-40.169,-72.710,0.082
2258,-47.908,-75.974,0.092
2259,-62.169,-79.272,0.082
2260,-71.957,-82.231,0.066
2261,-76.549,-83.797,0.049
2262,-75.738,-83.162,0.047
2263,-56.507,-81.196,0.079
2264,5.803,-77.883,0.101
2265,12.349,-76.307,0.096
2266,-46.180,-78.772,0.086
2267,-66.939,-79.955,0.068
2268,-71.376,-80.627,0.056
2269,-73.821,-81.640,0.051
2270,-75.950,-82.969,0.046
2271,-77.209,-83.984,0.045
2272,-77.476,-84.267,0.045
2273,-77.090,-83.823,0.045
2274,-76.332,-82.588,0.042
2275,-74.814,-80.738,0.042
2276,-73.238,-79.113,0.042
2277,-72.567,-78.465,0.041
2278,-69.769,-77.529,0.049
2279,-61.700,-75.322,0.062
2280,-48.322,-72.997,0.078
2281,-51.833,-71.981,0.073
2282,-57.533,-74.028,0.068
2283,-64.143,-76.145,0.061
2284,-69.823,-79.324,0.056
2285,-75.573,-82.252,0.045
2286,-76.052,-83.031,0.047
2287,-59.326,-81.816,0.082
2288,49.239,-77.853,0.109
2289,232.416,-72.138,0.120
2290,77.520,-73.001,0.101
2291,-47.624,-76.673,0.076
2292,-68.897,-79.197,0.061
2293,-71.701,-80.591,0.058
2294,-73.117,-81.534,0.058
2295,-74.594,-82.090,0.052
2296,-75.314,-82.383,0.048
2297,-75.280,-82.368,0.047
2298,-74.341,-81.492,0.048
2299,-71.378,-79.574,0.058
2300,-60.455,-76.404,0.083
2301,-30.133,-72.476,0.105
2302,-30.910,-69.853,0.094
2303,-51.546,-69.884,0.080
2304,-52.426,-70.514,0.073
2305,-49.657,-74.102,0.081
2306,-58.425,-76.688,0.073
2307,-69.210,-79.790,0.061
2308,-76.330,-82.875,0.047
2309,-79.455,-84.892,0.040
2310,-76.890,-85.074,0.055
2311,-45.532,-83.866,0.096
2312,127.564,-79.532,0.119
2313,275.752,-74.910,0.127
2314,44.333,-76.052,0.102
2315,-56.735,-78.934,0.081
2316,-70.799,-80.462,0.061
2317,-72.319,-81.435,0.061
2318,-73.738,-82.232,0.059
2319,-75.921,-83.081,0.053
2320,-77.300,-83.656,0.046
2321,-77.469,-83.662,0.043
2322,-76.479,-82.761,0.044
2323,-73.152,-80.887,0.059
2324,-60.118,-78.455,0.091
2325,-23.764,-74.774,0.107
2326,-27.878,-72.387,0.100
2327,-51.109,-72.490,0.090
2328,-50.239,-72.534,0.082
2329,-27.553,-72.382,0.089
2330,-37.183,-75.388,0.094
2331,-56.277,-79.164,0.093
2332,-68.860,-81.773,0.078
2333,-73.809,-82.254,0.054
2334,-69.108,-81.166,0.064
2335,-38.558,-78.797,0.088
2336,-4.364,-75.951,0.092
2337,-32.825,-76.729,0.092
2338,-56.129,-78.002,0.085
2339,-60.840,-77.928,0.077
2340,-64.605,-78.401,0.069
2341,-70.260,-80.261,0.059
2342,-74.383,-82.187,0.050
2343,-76.412,-83.355,0.046
2344,-76.921,-83.590,0.043
2345,-76.642,-83.192,0.042
2346,-76.157,-82.134,0.039
2347,-75.360,-80.767,0.037
2348,-74.584,-79.878,0.036
2349,-73.324,-79.253,0.039
2350,-69.209,-77.897,0.050
2351,-58.537,-75.361,0.065
2352,-40.096,-72.838,0.079
2353,-66.991,-75.994,0.050
2354,-46.891,-74.436,0.095
2355,211.531,-70.813,0.166
2356,3364.117,-35.974,0.391
2357,3253.579,-62.564,0.581
2358,150.397,-78.022,0.127
2359,-51.817,-78.912,0.088
2360,11.402,-77.574,0.100
2361,51.375,-75.093,0.102
2362,-29.418,-77.677,0.089
2363,-66.273,-80.298,0.074
2364,-72.200,-81.176,0.058
2365,-72.083,-81.086,0.060
2366,-60.385,-80.486,0.100
2367,140.110,-77.949,0.134
2368,1016.775,-19.474,0.479
2369,114.873,-74.573,0.126
2370,-62.800,-77.407,0.086
2371,-47.404,-76.755,0.092
2372,14.331,-73.672,0.106
2373,-18.233,-72.701,0.092
2374,-61.738,-74.886,0.071
2375,-69.182,-75.647,0.045
2376,-69.264,-76.367,0.044
2377,-20.603,-65.110,0.097
2378,68.690,-62.235,0.145
2379,2164.401,-49.156,0.408
2380,89710.164,88874.785,0.003
2381,47633.296,51.226,1.155
2382,658.315,-14.456,0.493
2383,-55.884,-78.098,0.089
2384,-43.937,-77.273,0.083
2385,33.575,-74.401,0.097
2386,27.697,-76.574,0.101
2387,-49.850,-82.351,0.090
2388,-73.540,-85.194,0.071
2389,-75.631,-85.358,0.066
2390,-59.708,-83.450,0.106
2391,110.286,-79.388,0.133
2392,157.632,-77.405,0.155
2393,-51.605,-78.563,0.097
2394,-71.088,-78.915,0.052
2395,-70.686,-77.426,0.044
2396,-67.999,-74.307,0.044
2397,-65.184,-71.470,0.043
2398,-61.968,-69.795,0.051
2399,-54.001,-68.498,0.069
2400,-39.302,-67.368,0.085
